{"cameraMode":{"drawMode":0,"name":"Shaded","section":"Shading Mode"},"sceneLighting":false,"audioPlay":false,"sceneViewState":{"m_AlwaysRefresh":false,"showFog":true,"showSkybox":false,"showFlares":true,"showImageEffects":true,"showParticleSystems":true,"showVisualEffectGraphs":true,"m_FxEnabled":true},"in2DMode":false,"pivot":{"x":0.04601478576660156,"y":1.1799190044403077,"z":0.030512213706970216},"rotation":{"x":-0.30594152212142947,"y":0.15530698001384736,"z":-0.05066000670194626,"w":-0.9379177689552307},"size":2.024432897567749,"orthographic":false}