{"cameraMode":{"drawMode":0,"name":"Shaded","section":"Shading Mode"},"sceneLighting":false,"audioPlay":false,"sceneViewState":{"m_AlwaysRefresh":false,"showFog":true,"showSkybox":false,"showFlares":true,"showImageEffects":true,"showParticleSystems":true,"showVisualEffectGraphs":true,"m_FxEnabled":true},"in2DMode":false,"pivot":{"x":-0.5010499954223633,"y":0.3021179139614105,"z":-0.2163749635219574},"rotation":{"x":0.19171488285064698,"y":-0.3197474479675293,"z":0.06636415421962738,"w":0.9254496693611145},"size":1.524580478668213,"orthographic":false}