{"cameraMode":{"drawMode":0,"name":"Shaded","section":"Shading Mode"},"sceneLighting":false,"audioPlay":false,"sceneViewState":{"m_AlwaysRefresh":false,"showFog":true,"showSkybox":false,"showFlares":true,"showImageEffects":true,"showParticleSystems":true,"showVisualEffectGraphs":true,"m_FxEnabled":true},"in2DMode":false,"pivot":{"x":1.062140703201294,"y":0.7738054990768433,"z":-2.9652814865112306},"rotation":{"x":0.006104802712798119,"y":0.9892809987068176,"z":-0.13921962678432465,"w":0.04335903748869896},"size":2.64016056060791,"orthographic":false}