{"cameraMode":{"drawMode":0,"name":"Shaded","section":"Shading Mode"},"sceneLighting":false,"audioPlay":false,"sceneViewState":{"m_AlwaysRefresh":false,"showFog":true,"showSkybox":false,"showFlares":true,"showImageEffects":true,"showParticleSystems":true,"showVisualEffectGraphs":true,"m_FxEnabled":true},"in2DMode":false,"pivot":{"x":-0.34716320037841799,"y":1.9619466066360474,"z":-1.7967174053192139},"rotation":{"x":-0.032433755695819858,"y":0.9418047070503235,"z":-0.09526773542165756,"w":-0.3206976652145386},"size":2.3820202350616457,"orthographic":false}